"Environment","Model","Accuracy","Recall","Precision","Balanced_Accuracy"
"Train Environment","Random Forest",0.792360648456584,0.846794338051624,0.575226244343891,0.809678210818665
"Region Shift Environment","Random Forest",0.825056433408578,0.824561403508772,0.530075187969925,0.824868114341799
"Age Shift Environment","Random Forest",0.755699514139778,0.861205145565335,0.621245421245421,0.777734447413064
