"Model","R_Squared","Adj_R_Squared","F_Statistic","P_Value"
"AUC Drop Model",0.526749037546991,0.501508986216164,20.8695707723717,1.35835791136878e-11
"Balanced Accuracy Drop Model",0.60555426603514,0.584517160223681,28.7850558656831,1.67657318890728e-14
